{"cameraMode":{"drawMode":0,"name":"Shaded","section":"Shading Mode"},"sceneLighting":false,"audioPlay":false,"sceneViewState":{"m_AlwaysRefresh":false,"showFog":true,"showSkybox":false,"showFlares":true,"showImageEffects":true,"showParticleSystems":true,"showVisualEffectGraphs":true,"m_FxEnabled":true},"in2DMode":false,"pivot":{"x":2.2995073795318605,"y":0.5533079504966736,"z":0.6294870972633362},"rotation":{"x":-0.016043437644839288,"y":0.45398005843162539,"z":-0.008182244375348091,"w":-0.890856146812439},"size":2.634161949157715,"orthographic":false}