{"cameraMode":{"drawMode":0,"name":"Shaded","section":"Shading Mode"},"sceneLighting":true,"audioPlay":false,"sceneViewState":{"m_AlwaysRefresh":false,"showFog":true,"showSkybox":true,"showFlares":true,"showImageEffects":true,"showParticleSystems":true,"showVisualEffectGraphs":true,"m_FxEnabled":true},"in2DMode":false,"pivot":{"x":18.853788375854493,"y":6.088359355926514,"z":-18.796146392822267},"rotation":{"x":-0.053383808583021167,"y":0.00808595959097147,"z":-0.0004363697662483901,"w":-0.998559832572937},"size":2.3445637226104738,"orthographic":false}