{"cameraMode":{"drawMode":0,"name":"Shaded","section":"Shading Mode"},"sceneLighting":false,"audioPlay":false,"sceneViewState":{"m_AlwaysRefresh":false,"showFog":true,"showSkybox":false,"showFlares":true,"showImageEffects":true,"showParticleSystems":true,"showVisualEffectGraphs":true,"m_FxEnabled":true},"in2DMode":false,"pivot":{"x":-1.1961168050765992,"y":0.8807251453399658,"z":-0.41856032609939577},"rotation":{"x":0.023367533460259439,"y":-0.6262683868408203,"z":-0.01879163086414337,"w":-0.7790569067001343},"size":1.3597228527069092,"orthographic":false}